street_marker,RequestTime,tripDistance,aim_marker,lon,lat
A0,1.0,1340.0,A10000,-73.9700469970703,40.765239715576165
A1,1.0,900.0,A10001,-73.98588562011719,40.75176239013672
A2,1.0,2029.9999999999998,A10002,-73.98516845703125,40.72768020629882
A3,1.0,780.0,A10003,-73.9852523803711,40.73576354980469
A4,2.0,500.0,A10004,-73.9913330078125,40.72335433959961
A5,2.0,1530.0,A10005,-73.97725677490233,40.75478363037109
A6,2.0,700.0,A10006,-73.95439147949219,40.77812957763672
A7,2.0,1870.0,A10007,-74.00431060791014,40.742351531982415
A8,2.0,7570.0,A10008,-73.97725677490233,40.72620391845703
A9,2.0,1130.0,A10009,-73.992919921875,40.72387313842773
A10,2.0,2000.0,A10010,-73.97821807861328,40.76187133789063
A11,2.0,6200.0,A10011,-74.01412200927734,40.71215057373047
A12,2.0,3800.0,A10012,-73.98079681396483,40.74457931518555
A13,3.0,1600.0,A10013,-73.9862060546875,40.761917114257805
A14,3.0,3400.0,A10014,-74.01227569580078,40.713623046875
A15,3.0,470.0,A10015,-73.98954772949219,40.76791763305664
A16,3.0,960.0,A10016,-73.98915100097656,40.74543762207031
A17,4.0,6110.0,A10017,-73.98770904541014,40.74981689453125
A18,4.0,1910.0,A10018,-73.9557113647461,40.717769622802734
A19,4.0,1990.0,A10019,-73.98062896728516,40.727081298828125
A20,4.0,100.0,A10020,-73.95623016357422,40.77560043334961
A21,4.0,990.0,A10021,-73.96280670166014,40.77579116821289
A22,4.0,2200.0,A10022,-73.9959487915039,40.74436950683594
A23,4.0,1200.0,A10023,-73.98190307617188,40.76953125
A24,5.0,890.0,A10024,-73.98089599609375,40.75005722045898
A25,5.0,2009.9999999999998,A10025,-73.99651336669923,40.7153205871582
A26,5.0,950.0,A10026,-73.97549438476561,40.7618522644043
A27,5.0,2600.0,A10027,-73.9832992553711,40.7659568786621
A28,5.0,1500.0,A10028,-73.98928070068358,40.7210693359375
A29,5.0,3900.0,A10029,-73.95333862304686,40.78824234008789
A30,6.0,4710.0,A10030,-73.97887420654298,40.7776756286621
A31,6.0,1910.0,A10031,-73.94764709472656,40.78361892700195
A32,6.0,1100.0,A10032,-73.9598617553711,40.75781631469727
A33,6.0,1900.0,A10033,-73.97425079345702,40.75636672973633
A34,6.0,5850.0,A10034,-73.95352935791014,40.77536010742188
A35,7.0,3390.0,A10035,-73.98137664794923,40.76337814331056
A36,7.0,5400.0,A10036,-73.98263549804686,40.77711486816406
A37,7.0,1630.0,A10037,-73.95234680175781,40.78662872314453
A38,8.0,1900.0,A10038,-73.96907806396483,40.761043548583984
A39,8.0,1070.0,A10039,-73.98490142822266,40.74782180786133
A40,8.0,7100.0,A10040,-73.99351501464844,40.75209045410156
A41,8.0,1100.0,A10041,-74.00255584716798,40.73037338256836
A42,9.0,1500.0,A10042,-73.98693084716798,40.73336410522461
A43,9.0,1200.0,A10043,-73.98858642578125,40.73408889770508
A44,9.0,1900.0,A10044,-73.99453735351561,40.72774887084961
A45,9.0,1150.0,A10045,-73.99514007568358,40.72071075439453
A46,9.0,1800.0,A10046,-73.99083709716798,40.73321914672852
A47,9.0,4390.0,A10047,-73.97147369384764,40.79531478881836
A48,9.0,1480.0,A10048,-73.96733093261719,40.79301071166992
A49,10.0,1600.0,A10049,-73.96385955810547,40.77683639526367
A50,10.0,2780.0,A10050,-73.9912109375,40.74972534179688
A51,10.0,1340.0,A10051,-74.00066375732422,40.716941833496094
A52,10.0,2490.0,A10052,-73.96350860595702,40.75747299194336
A53,10.0,1490.0,A10053,-73.99629211425781,40.743118286132805
A54,11.0,1330.0,A10054,-73.98951721191406,40.74193954467773
A55,11.0,800.0,A10055,-73.98973083496092,40.72004318237305
A56,11.0,3090.0,A10056,-73.9881591796875,40.75661087036133
A57,11.0,1100.0,A10057,-73.99903106689453,40.73430633544922
A58,11.0,2590.0,A10058,-73.98297882080078,40.77792739868164
A59,11.0,5030.0,A10059,-73.99976348876953,40.72719955444336
A60,11.0,5400.0,A10060,-73.9552001953125,40.77928161621094
A61,12.0,3400.0,A10061,-73.9953384399414,40.74446868896485
A62,12.0,300.0,A10062,-73.97724151611328,40.74280548095703
A63,12.0,3950.0,A10063,-73.98038482666014,40.7823600769043
A64,12.0,1110.0,A10064,-73.98996734619139,40.735389709472656
A65,12.0,1500.0,A10065,-73.9742431640625,40.74317169189453
A66,12.0,650.0,A10066,-73.9729232788086,40.75622177124024
A67,13.0,1100.0,A10067,-73.97721099853516,40.75749588012695
A68,13.0,1400.0,A10068,-73.98390960693358,40.76555252075195
A69,13.0,3900.0,A10069,-73.98349761962889,40.72176361083984
A70,13.0,550.0,A10070,-73.96109008789062,40.76506423950195
A71,13.0,800.0,A10071,-73.97676849365233,40.745464324951165
A72,13.0,1900.0,A10072,-73.98722076416014,40.72259140014648
A73,13.0,18400.0,A10073,-73.7884750366211,40.64155960083008
A74,14.0,4100.0,A10074,-73.98390197753906,40.74314498901367
A75,14.0,1110.0,A10075,-73.97908020019531,40.75779342651367
A76,14.0,1280.0,A10076,-73.98990631103516,40.73371505737305
A77,14.0,2100.0,A10077,-74.00397491455078,40.747512817382805
A78,14.0,4400.0,A10078,-73.8639373779297,40.76983642578125
A79,14.0,2700.0,A10079,-73.99551391601561,40.72489547729492
A80,14.0,2280.0,A10080,-73.97857666015625,40.757286071777344
A81,14.0,4500.0,A10081,-73.97486114501953,40.72951889038086
A82,14.0,1540.0,A10082,-73.98152923583984,40.74974060058594
A83,15.000000000000002,7560.0,A10083,-73.94721984863281,40.78033828735352
A84,15.000000000000002,2000.0,A10084,-73.95807647705078,40.779006958007805
A85,15.000000000000002,1200.0,A10085,-73.99070739746092,40.75541305541992
A86,15.000000000000002,5000.0,A10086,-73.99395751953125,40.746368408203125
A87,15.000000000000002,1200.0,A10087,-73.952392578125,40.783573150634766
A88,15.000000000000002,900.0,A10088,-73.96755981445312,40.76290512084961
A89,15.000000000000002,1900.0,A10089,-73.99085998535155,40.76047897338867
A90,15.000000000000002,5900.0,A10090,-73.95355224609375,40.77534866333008
A91,15.000000000000002,1100.0,A10091,-73.98564147949219,40.72730255126953
A92,16.0,15500.0,A10092,-73.97721099853516,40.751747131347656
A93,16.0,4010.0,A10093,-73.98828887939453,40.74956512451172
A94,16.0,400.0,A10094,-73.96002960205078,40.770503997802734
A95,16.0,5100.0,A10095,-73.95057678222656,40.786651611328125
A96,16.0,4900.0,A10096,-73.91028594970702,40.75275039672852
A97,16.0,7500.0,A10097,-74.01216125488281,40.70749282836913
A98,17.0,1900.0,A10098,-73.9720001220703,40.76207733154297
A99,17.0,2630.0,A10099,-73.99115753173827,40.7496337890625
A100,17.0,1500.0,A10100,-73.97593688964845,40.7763786315918
A101,17.0,1920.0,A10101,-73.98053741455078,40.727027893066406
A102,17.0,2400.0,A10102,-74.00801849365233,40.74861526489258
A103,17.0,1350.0,A10103,-73.96582794189453,40.754261016845696
A104,17.0,1600.0,A10104,-73.96994018554686,40.75963973999024
A105,17.0,710.0,A10105,-73.99229431152342,40.6840705871582
A106,18.0,500.0,A10106,-74.00052642822266,40.72740173339844
A107,18.0,1100.0,A10107,-73.982177734375,40.76704788208008
A108,18.0,600.0,A10108,-73.95169830322266,40.76947021484375
A109,18.0,1250.0,A10109,-73.97937774658203,40.7519989013672
A110,18.0,1300.0,A10110,-73.98690795898438,40.73333740234375
A111,19.0,4700.0,A10111,-73.95753479003906,40.7617645263672
A112,19.0,5190.0,A10112,-73.98545837402342,40.75730895996094
A113,19.0,1460.0,A10113,-73.95569610595702,40.779399871826165
A114,19.0,1000.0,A10114,-74.00148773193358,40.75661087036133
A115,19.0,1500.0,A10115,-73.99227142333984,40.75373840332031
A116,19.0,750.0,A10116,-73.97882843017578,40.74134826660156
A117,19.0,5400.0,A10117,-73.99612426757811,40.72522735595703
A118,20.0,2190.0,A10118,-73.98492431640625,40.72800064086913
A119,20.0,1620.0,A10119,-73.97422790527344,40.76219940185546
A120,20.0,960.0,A10120,-73.97576141357422,40.75975799560546
A121,20.0,3200.0,A10121,-74.00421142578125,40.72091674804688
A122,21.0,1440.0,A10122,-73.95157623291014,40.769981384277344
A123,21.0,720.0,A10123,-73.99434661865233,40.717063903808594
A124,21.0,6030.0,A10124,-73.99179840087889,40.72727966308594
A125,21.0,2200.0,A10125,-73.9715805053711,40.763145446777344
A126,21.0,600.0,A10126,-73.98780822753906,40.74567413330078
A127,22.0,1360.0,A10127,-74.00496673583984,40.723011016845696
A128,22.0,500.0,A10128,-73.97328186035155,40.76093673706056
A129,22.0,1580.0,A10129,-73.99657440185547,40.73728561401367
A130,22.0,2760.0,A10130,-74.00483703613281,40.72349548339844
A131,22.0,880.0,A10131,-74.00852966308595,40.71628189086913
A132,23.0,600.0,A10132,-73.96112060546875,40.760704040527344
A133,23.0,11500.0,A10133,-73.86296081542967,40.76886367797852
A134,23.0,1270.0,A10134,-73.94334411621092,40.796382904052734
A135,23.0,6410.0,A10135,-74.01290893554686,40.702449798583984
A136,23.0,1740.0,A10136,-73.98137664794923,40.78121948242188
A137,23.0,700.0,A10137,-73.98357391357422,40.74970245361328
A138,23.0,1750.0,A10138,-73.99359130859375,40.76716613769531
A139,24.0,2700.0,A10139,-73.96530151367188,40.75943374633789
A140,24.0,500.0,A10140,-73.94579315185547,40.77347946166992
A141,24.0,10570.0,A10141,-73.87104797363281,40.77384948730469
A142,24.0,500.0,A10142,-73.9690704345703,40.7632942199707
A143,24.0,1700.0,A10143,-73.9539794921875,40.77273941040039
A144,24.0,15600.0,A10144,-73.99044036865233,40.73126220703125
A145,25.0,2600.0,A10145,-73.9763412475586,40.781028747558594
A146,25.0,2400.0,A10146,-74.00743865966798,40.70733642578125
A147,25.0,1900.0,A10147,-73.98068237304686,40.74438095092773
A148,25.0,3600.0,A10148,-74.0,40.72177505493164
A149,26.0,1920.0,A10149,-73.89192962646483,40.74699020385742
A150,26.0,900.0,A10150,-73.98815155029298,40.73728942871094
A151,26.0,1600.0,A10151,-73.99758148193358,40.73280715942384
A152,26.0,2900.0,A10152,-73.9957275390625,40.7645263671875
A153,27.0,5100.0,A10153,-73.96524047851561,40.800884246826165
A154,27.0,1200.0,A10154,-73.97447204589844,40.757339477539055
A155,27.0,1990.0,A10155,-73.97789001464844,40.75447082519531
A156,27.0,1000.0,A10156,-73.97272491455078,40.757320404052734
A157,27.0,2750.0,A10157,-73.97541046142578,40.757339477539055
A158,27.0,17500.0,A10158,-73.80209350585938,40.663856506347656
A159,28.0,410.0,A10159,-73.95594024658203,40.779651641845696
A160,28.0,2600.0,A10160,-73.9763412475586,40.76472854614258
A161,28.0,2050.0,A10161,-73.98393249511719,40.74308013916016
A162,28.0,4400.0,A10162,-74.01400756835938,40.71199035644531
A163,28.0,2100.0,A10163,-73.97898864746092,40.76688003540039
A164,28.0,970.0,A10164,-74.0041732788086,40.72243881225586
A165,29.000000000000004,700.0,A10165,-73.96980285644531,40.75076675415039
A166,29.000000000000004,750.0,A10166,-73.92931365966798,40.760601043701165
A167,29.000000000000004,1330.0,A10167,-73.99030303955078,40.77170181274414
A168,29.000000000000004,330.0,A10168,-73.99758148193358,40.7379264831543
A169,30.000000000000004,960.0,A10169,-73.98622131347656,40.7519760131836
A170,30.000000000000004,10290.0,A10170,-73.86275482177734,40.768531799316406
A171,31.000000000000004,700.0,A10171,-73.99484252929686,40.731689453125
A172,31.000000000000004,6250.0,A10172,-73.9764633178711,40.728870391845696
A173,31.000000000000004,930.0,A10173,-74.00908660888672,40.715518951416016
A174,31.000000000000004,1370.0,A10174,-73.99221038818358,40.737571716308594
A175,31.000000000000004,3040.0,A10175,-73.99044799804686,40.76170349121094
A176,31.000000000000004,3500.0,A10176,-73.9618148803711,40.76287078857422
A177,32.0,1500.0,A10177,-73.96244049072266,40.80484008789063
A178,32.0,2050.0,A10178,-73.96756744384764,40.7557487487793
A179,32.0,1080.0,A10179,-73.98088836669923,40.75934982299805
A180,32.0,2970.0,A10180,-73.99539947509764,40.688106536865234
A181,32.0,550.0,A10181,-73.97393798828125,40.764259338378906
A182,32.0,1170.0,A10182,-74.00971221923827,40.71579360961913
A183,32.0,2800.0,A10183,-74.00474548339844,40.74893951416016
A184,32.0,1000.0,A10184,-73.96234893798828,40.77032852172852
A185,33.0,1480.0,A10185,-73.98040771484375,40.73445892333984
A186,33.0,700.0,A10186,-73.96987915039062,40.76522064208984
A187,33.0,1810.0,A10187,-73.9703826904297,40.76147079467773
A188,33.0,2630.0,A10188,-73.99873352050781,40.7453498840332
A189,33.0,2680.0,A10189,-73.99569702148438,40.72454833984375
A190,34.0,800.0,A10190,-73.94107055664062,40.799072265625
A191,34.0,5200.0,A10191,-73.9661865234375,40.770652770996094
A192,34.0,4820.0,A10192,-74.00519561767578,40.71997833251953
A193,35.0,2900.0,A10193,-73.95689392089844,40.7662239074707
A194,35.0,1700.0,A10194,-74.00241088867188,40.7501335144043
A195,35.0,140.0,A10195,-73.98507690429686,40.73582458496094
A196,35.0,1100.0,A10196,-74.00035858154298,40.71836853027344
A197,35.0,1160.0,A10197,-73.93687438964844,40.84002304077149
A198,35.0,320.0,A10198,-73.97470855712889,40.74187088012695
A199,35.0,5610.0,A10199,-73.99224853515625,40.74288177490234
A200,35.0,2360.0,A10200,-73.97876739501953,40.759090423583984
A201,35.0,1210.0,A10201,-73.97689056396483,40.75893020629882
A202,36.0,3200.0,A10202,-73.9939727783203,40.75024032592773
A203,36.0,2600.0,A10203,-73.99402618408203,40.75114822387695
A204,36.0,1100.0,A10204,-73.98995971679686,40.74188232421875
A205,36.0,500.0,A10205,-73.98719024658203,40.73946762084961
A206,37.0,1700.0,A10206,-73.9820556640625,40.77171325683594
A207,37.0,2900.0,A10207,-73.9866943359375,40.71974563598633
A208,37.0,1050.0,A10208,-73.956787109375,40.77790832519531
A209,37.0,1700.0,A10209,-73.97551727294923,40.7575569152832
A210,37.0,600.0,A10210,-73.98233032226561,40.731475830078125
A211,37.0,1700.0,A10211,-73.95119476318358,40.78025817871094
A212,37.0,1800.0,A10212,-73.97907257080078,40.744190216064446
A213,38.0,1350.0,A10213,-73.98817443847656,40.737701416015625
A214,38.0,3470.0,A10214,-73.99503326416014,40.7253532409668
A215,38.0,2400.0,A10215,-73.98899841308595,40.751480102539055
A216,38.0,1900.0,A10216,-73.9803009033203,40.72703170776367
A217,38.0,900.0,A10217,-73.9747314453125,40.793132781982415
A218,38.0,750.0,A10218,-73.9836196899414,40.75461959838867
A219,38.0,2390.0,A10219,-73.99416351318358,40.75110626220703
A220,38.0,950.0,A10220,-73.98143005371094,40.780887603759766
A221,39.0,1300.0,A10221,-73.9901351928711,40.76158905029297
A222,39.0,3110.0,A10222,-73.99360656738281,40.72127914428711
A223,39.0,900.0,A10223,-73.98856353759764,40.73887634277344
A224,39.0,1500.0,A10224,-73.98462677001953,40.73307037353516
A225,39.0,900.0,A10225,-73.99160766601561,40.74953079223633
A226,39.0,1210.0,A10226,-74.01432037353516,40.71234893798828
A227,39.0,6800.0,A10227,-73.77677154541014,40.64517974853516
A228,40.0,2600.0,A10228,-74.00308227539062,40.72288131713867
A229,40.0,1200.0,A10229,-73.97992706298828,40.75152969360352
A230,40.0,1700.0,A10230,-74.00930786132812,40.70957946777344
A231,40.0,3070.0,A10231,-73.99774932861328,40.72569274902344
A232,40.0,3900.0,A10232,-73.9714584350586,40.758670806884766
A233,40.0,550.0,A10233,-73.95589447021484,40.77885055541992
A234,40.0,1400.0,A10234,-73.9864501953125,40.7458381652832
A235,41.0,700.0,A10235,-73.97427368164062,40.759422302246094
A236,41.0,1100.0,A10236,-73.99629974365233,40.75316619873047
A237,41.0,1000.0,A10237,-73.9600830078125,40.76618194580078
A238,41.0,1930.0,A10238,-73.98091125488281,40.7446403503418
A239,42.0,1100.0,A10239,-73.99398803710938,40.72664260864258
A240,42.0,1270.0,A10240,-74.00263977050781,40.73064041137695
A241,42.0,600.0,A10241,-73.97171020507811,40.75565719604492
A242,42.0,2600.0,A10242,-73.96486663818358,40.75978469848633
A243,42.0,540.0,A10243,-73.98976135253906,40.729591369628906
A244,43.0,3200.0,A10244,-74.00785064697266,40.74040985107422
A245,43.0,430.0,A10245,-73.96350860595702,40.75704574584961
A246,43.0,940.0,A10246,-73.97407531738281,40.79405212402344
A247,43.0,3460.0,A10247,-74.0107421875,40.7090301513672
A248,43.0,2300.0,A10248,-73.9676055908203,40.78809356689453
A249,43.0,6800.0,A10249,-73.99073791503906,40.71818542480469
A250,44.0,1500.0,A10250,-73.9602813720703,40.78148651123047
A251,44.0,2580.0,A10251,-73.96234893798828,40.77907943725586
A252,44.0,500.0,A10252,-73.98216247558594,40.77581405639648
A253,44.0,1200.0,A10253,-74.00077819824217,40.74224853515625
A254,44.0,1460.0,A10254,-74.01197052001953,40.704639434814446
A255,44.0,760.0,A10255,-73.96682739257811,40.76678085327149
A256,44.0,3190.0,A10256,-73.97852325439453,40.7829704284668
A257,44.0,2220.0,A10257,-73.99761199951173,40.74652862548828
A258,44.0,3820.0,A10258,-74.00027465820312,40.73772048950195
A259,44.0,500.0,A10259,-73.96785736083984,40.762649536132805
A260,45.0,780.0,A10260,-74.00289154052734,40.73912811279297
A261,45.0,2280.0,A10261,-73.98834991455078,40.73445510864258
A262,45.0,6300.0,A10262,-74.00640106201173,40.705181121826165
A263,45.0,3900.0,A10263,-73.95657348632812,40.77830123901367
A264,45.0,2140.0,A10264,-73.97805786132812,40.75320053100586
A265,45.0,300.0,A10265,-73.98177337646483,40.77029800415039
A266,45.0,700.0,A10266,-73.98487091064453,40.74201965332031
A267,45.0,600.0,A10267,-73.99652099609375,40.73803329467773
A268,45.0,3000.0,A10268,-73.97600555419923,40.78121948242188
A269,46.0,3260.0,A10269,-73.95832061767578,40.76887893676758
A270,46.0,9510.0,A10270,-73.97657775878906,40.78071975708008
A271,46.0,2330.0,A10271,-73.95587158203125,40.71410751342773
A272,46.0,1090.0,A10272,-73.992431640625,40.72662734985352
A273,46.0,1890.0,A10273,-73.98108673095702,40.7500457763672
A274,46.0,1580.0,A10274,-73.96041870117188,40.76978302001953
A275,46.0,1880.0,A10275,-73.97708892822266,40.74308013916016
A276,46.0,940.0,A10276,-73.97158813476561,40.761112213134766
A277,47.0,1200.0,A10277,-73.95430755615233,40.7781982421875
A278,47.0,500.0,A10278,-73.98219299316406,40.776145935058594
A279,47.0,1150.0,A10279,-73.96379089355469,40.7979736328125
A280,47.0,920.0,A10280,-73.97090911865233,40.7880859375
A281,47.0,3180.0,A10281,-73.98609924316406,40.76246643066406
A282,48.0,1580.0,A10282,-73.95252990722656,40.779949188232415
A283,48.0,3600.0,A10283,-73.9701156616211,40.7617301940918
A284,48.0,1000.0,A10284,-73.99544525146483,40.716007232666016
A285,49.0,700.0,A10285,-74.00017547607422,40.7346305847168
A286,49.0,5200.0,A10286,-74.01372528076173,40.7138557434082
A287,49.0,900.0,A10287,-73.99018096923827,40.7349967956543
A288,49.0,1200.0,A10288,-73.97427368164062,40.75722503662109
A289,49.0,18400.0,A10289,-73.78617095947266,40.641971588134766
A290,49.0,1600.0,A10290,-73.99360656738281,40.74994659423828
A291,49.0,2740.0,A10291,-73.99824523925781,40.72773361206056
A292,49.0,2190.0,A10292,-73.96846008300781,40.760738372802734
A293,49.0,1950.0,A10293,-73.98258209228516,40.72341537475586
A294,50.0,700.0,A10294,-74.0041275024414,40.73809051513672
A295,50.0,1800.0,A10295,-73.97903442382812,40.74020767211913
A296,50.0,1590.0,A10296,-73.99331665039062,40.74163818359375
A297,51.0,1000.0,A10297,-73.95556640625,40.78507614135742
A298,51.0,3200.0,A10298,-73.94736480712889,40.77629470825195
A299,51.0,2480.0,A10299,-74.00058746337889,40.72713088989258
A300,51.0,610.0,A10300,-73.99945068359375,40.73369598388672
A301,51.0,600.0,A10301,-73.99514007568358,40.74388122558594
A302,51.0,640.0,A10302,-73.97392272949219,40.79170608520508
A303,51.0,2300.0,A10303,-73.95136260986328,40.77774810791016
A304,51.0,5600.0,A10304,-73.91676330566406,40.86938095092773
A305,51.0,2420.0,A10305,-73.98175811767578,40.728511810302734
A306,51.0,1300.0,A10306,-73.98809051513672,40.749561309814446
A307,52.0,1380.0,A10307,-73.9910888671875,40.74980163574219
A308,52.0,3300.0,A10308,-73.9787826538086,40.78759002685546
A309,52.0,17390.0,A10309,-73.99459075927734,40.750301361083984
A310,52.0,17530.0,A10310,-73.98460388183594,40.75846862792969
A311,52.0,2780.0,A10311,-73.98220825195312,40.76704788208008
A312,52.0,1100.0,A10312,-73.9937744140625,40.744922637939446
A313,52.0,10220.0,A10313,-73.86357116699219,40.76966094970703
A314,52.0,1900.0,A10314,-73.97765350341797,40.729270935058594
A315,52.0,1200.0,A10315,-73.99667358398438,40.73725509643555
A316,52.0,6700.0,A10316,-73.98138427734375,40.77857971191406
A317,53.0,800.0,A10317,-73.98267364501953,40.7310028076172
A318,53.0,2780.0,A10318,-73.96465301513672,40.772815704345696
A319,53.0,3930.0,A10319,-74.0149154663086,40.70948028564453
A320,53.0,880.0,A10320,-73.9787368774414,40.74755859375
A321,53.0,2100.0,A10321,-73.95599365234375,40.78474426269531
A322,53.0,3300.0,A10322,-73.98130798339844,40.77391052246094
A323,53.0,1200.0,A10323,-74.00845336914062,40.74532318115234
A324,53.0,800.0,A10324,-74.0004653930664,40.732154846191406
A325,53.0,2600.0,A10325,-73.87459564208984,40.77413940429688
A326,53.0,600.0,A10326,-73.9908676147461,40.74949645996094
A327,53.0,1800.0,A10327,-73.98760223388672,40.76457977294922
A328,53.0,4690.0,A10328,-74.01412963867188,40.712158203125
A329,54.0,1370.0,A10329,-74.01378631591797,40.71377182006836
A330,54.0,2200.0,A10330,-73.96543121337889,40.805419921875
A331,54.0,1050.0,A10331,-73.94181060791014,40.81296157836913
A332,54.0,1100.0,A10332,-73.98052978515625,40.68537902832031
A333,54.0,1100.0,A10333,-73.95792388916014,40.76923751831056
A334,54.0,1000.0,A10334,-73.98091125488281,40.729690551757805
A335,54.0,2260.0,A10335,-73.97547149658203,40.730098724365234
A336,55.0,900.0,A10336,-74.00143432617188,40.72470474243164
A337,55.0,1000.0,A10337,-74.00284576416014,40.72820663452149
A338,55.0,1720.0,A10338,-73.98719787597656,40.75634002685546
A339,55.0,1300.0,A10339,-73.98524475097656,40.72772216796875
A340,55.0,2360.0,A10340,-73.98783111572266,40.76010894775391
A341,56.0,22490.0,A10341,-73.98480987548828,40.76784133911133
A342,56.0,900.0,A10342,-73.97868347167967,40.75197219848633
A343,56.0,1020.0,A10343,-74.00146484375,40.756702423095696
A344,56.0,17320.0,A10344,-73.98880004882812,40.75931167602539
A345,56.0,2090.0,A10345,-73.96094512939453,40.76520538330078
A346,56.0,1000.0,A10346,-73.98843383789062,40.759891510009766
A347,56.0,17820.0,A10347,-73.974609375,40.75243377685546
A348,56.0,1210.0,A10348,-74.00825500488281,40.73473358154297
A349,56.0,3490.0,A10349,-73.9810791015625,40.7632293701172
A350,57.0,7310.0,A10350,-73.9955062866211,40.76479721069336
A351,57.0,1300.0,A10351,-73.99624633789062,40.7319793701172
A352,57.0,2700.0,A10352,-74.00658416748048,40.73151397705078
A353,57.0,3200.0,A10353,-73.99349975585938,40.757118225097656
A354,57.0,1430.0,A10354,-73.96103668212889,40.777591705322266
A355,57.0,1550.0,A10355,-74.00215148925781,40.73492050170898
A356,57.0,1660.0,A10356,-73.9990234375,40.73424911499024
A357,57.0,1510.0,A10357,-73.95511627197266,40.78865051269531
A358,58.00000000000001,1100.0,A10358,-73.97512817382812,40.76180267333984
A359,58.00000000000001,2400.0,A10359,-73.958740234375,40.768165588378906
A360,58.00000000000001,1200.0,A10360,-73.99407958984375,40.746143341064446
A361,58.00000000000001,1280.0,A10361,-73.96842193603516,40.761428833007805
A362,58.00000000000001,3510.0,A10362,-73.99359130859375,40.75395965576172
A363,59.00000000000001,20.0,A10363,-73.98103332519531,40.74161911010742
A364,59.00000000000001,1300.0,A10364,-73.98273468017578,40.73148727416992
A365,59.00000000000001,830.0,A10365,-73.9532470703125,40.779293060302734
A366,59.00000000000001,2630.0,A10366,-73.96233367919923,40.77908706665039
A367,59.00000000000001,2000.0,A10367,-73.97630310058595,40.78835678100586
A368,59.00000000000001,4300.0,A10368,-73.98812866210938,40.73165130615234
A369,60.00000000000001,1920.0,A10369,-74.00691986083984,40.742488861083984
A370,60.00000000000001,2650.0,A10370,-73.96558380126953,40.75882339477539
A371,60.00000000000001,17600.0,A10371,-73.78116607666014,40.64495086669922
A372,60.00000000000001,11350.0,A10372,-73.87445068359375,40.77398300170898
A373,60.00000000000001,640.0,A10373,-73.94800567626953,40.774688720703125
A374,61.00000000000001,8100.0,A10374,-73.99025726318358,40.71442031860352
A375,61.00000000000001,3600.0,A10375,-73.95528411865233,40.77952575683594
A376,61.00000000000001,1500.0,A10376,-73.96556854248048,40.75872039794922
A377,61.00000000000001,900.0,A10377,-73.99004364013672,40.74070739746094
A378,61.00000000000001,700.0,A10378,-73.97859191894531,40.736576080322266
A379,61.00000000000001,700.0,A10379,-73.98139953613281,40.78084564208984
A380,61.00000000000001,4300.0,A10380,-73.96217346191406,40.779102325439446
A381,61.00000000000001,900.0,A10381,-73.99586486816406,40.74368667602539
A382,61.00000000000001,480.0,A10382,-73.98478698730467,40.74789810180664
A383,61.00000000000001,1800.0,A10383,-73.9638671875,40.761356353759766
A384,61.00000000000001,3960.0,A10384,-73.99149322509764,40.74471664428711
A385,61.00000000000001,920.0,A10385,-73.97065734863281,40.78807830810546
A386,62.00000000000001,890.0,A10386,-73.98033905029298,40.76255035400391
A387,62.00000000000001,7660.0,A10387,-73.99165344238281,40.74741363525391
A388,62.00000000000001,1200.0,A10388,-73.9891586303711,40.75262451171875
A389,62.00000000000001,9600.0,A10389,-73.87442016601561,40.77403259277344
A390,63.00000000000001,2840.0,A10390,-73.97303771972656,40.743919372558594
A391,63.00000000000001,3100.0,A10391,-73.96322631835938,40.77798461914063
A392,63.00000000000001,17400.0,A10392,-73.9920883178711,40.74591445922852
A393,63.00000000000001,1400.0,A10393,-73.98138427734375,40.7370491027832
A394,63.00000000000001,1600.0,A10394,-73.96710968017578,40.75699234008789
A395,63.00000000000001,3100.0,A10395,-73.97236633300781,40.75661849975586
A396,63.00000000000001,5260.0,A10396,-73.92208862304686,40.76723098754882
A397,63.00000000000001,3900.0,A10397,-73.98121643066406,40.77091979980469
A398,64.0,2800.0,A10398,-73.98739624023438,40.74430847167969
A399,64.0,1000.0,A10399,-73.93962860107422,40.79425430297852
A400,64.0,1600.0,A10400,-74.00557708740233,40.71796417236328
A401,64.0,990.0,A10401,-73.98438262939453,40.74333953857422
A402,64.0,4100.0,A10402,-73.96441650390625,40.760452270507805
A403,64.0,410.0,A10403,-74.00204467773438,40.73003768920898
A404,64.0,1850.0,A10404,-73.98989868164062,40.751270294189446
A405,65.0,2170.0,A10405,-74.00550079345702,40.740509033203125
A406,65.0,1130.0,A10406,-73.9945068359375,40.750686645507805
A407,66.0,1610.0,A10407,-73.96575927734375,40.75442886352539
A408,66.0,860.0,A10408,-73.99057006835938,40.75568008422852
A409,66.0,1200.0,A10409,-73.98220825195312,40.776870727539055
A410,66.0,800.0,A10410,-73.98401641845702,40.757911682128906
A411,66.0,1390.0,A10411,-73.99858856201173,40.71939849853516
A412,66.0,1700.0,A10412,-73.9998779296875,40.73877334594727
A413,67.0,430.0,A10413,-73.98865509033203,40.73643493652344
A414,67.0,800.0,A10414,-73.96709442138672,40.760566711425774
A415,67.0,1000.0,A10415,-74.00747680664062,40.74311065673828
A416,67.0,900.0,A10416,-73.9949722290039,40.72606658935546
A417,67.0,1100.0,A10417,-73.99113464355469,40.74959564208984
A418,67.0,700.0,A10418,-73.99226379394531,40.74844741821289
A419,68.0,1100.0,A10419,-73.98117828369139,40.744747161865234
A420,68.0,1830.0,A10420,-73.99928283691406,40.749378204345696
A421,68.0,1260.0,A10421,-73.96798706054686,40.75104904174805
A422,68.0,490.0,A10422,-73.97091674804686,40.75802612304688
A423,68.0,1310.0,A10423,-73.98799896240233,40.764915466308594
A424,68.0,3190.0,A10424,-73.95974731445312,40.7139892578125
A425,68.0,1410.0,A10425,-74.00932312011719,40.71552276611328
A426,69.0,1190.0,A10426,-73.97251892089844,40.782329559326165
A427,69.0,1000.0,A10427,-73.97803497314453,40.741886138916016
A428,69.0,1400.0,A10428,-73.989990234375,40.68741226196289
A429,69.0,2600.0,A10429,-73.9554214477539,40.76422119140625
A430,69.0,470.0,A10430,-73.98635864257811,40.72333526611328
A431,69.0,13070.0,A10431,-73.86296081542967,40.76885223388672
A432,69.0,4520.0,A10432,-73.97783660888672,40.7528190612793
A433,69.0,7650.0,A10433,-73.99129486083984,40.7558708190918
A434,70.0,3540.0,A10434,-73.99144744873048,40.74983978271485
A435,70.0,2620.0,A10435,-73.99170684814453,40.75476837158203
A436,70.0,2020.0,A10436,-73.99539947509764,40.71715927124024
A437,70.0,1900.0,A10437,-73.9591064453125,40.80185317993164
A438,70.0,7270.0,A10438,-73.97434234619139,40.75622177124024
A439,70.0,3200.0,A10439,-73.85435485839844,40.84889221191406
A440,70.0,1900.0,A10440,-73.98615264892578,40.761993408203125
A441,71.0,1600.0,A10441,-73.9803466796875,40.72198486328125
A442,71.0,17700.0,A10442,-73.94491577148438,40.78310775756836
A443,71.0,1900.0,A10443,-73.98165130615233,40.76236724853516
A444,71.0,1160.0,A10444,-74.00830078125,40.71442413330078
A445,72.0,1390.0,A10445,-73.97801971435547,40.74593353271485
A446,72.0,1500.0,A10446,-73.95545959472656,40.78816223144531
A447,72.0,3270.0,A10447,-73.98871612548828,40.722354888916016
A448,72.0,3500.0,A10448,-73.97640991210938,40.75802230834961
A449,72.0,1600.0,A10449,-73.99925231933594,40.72224044799805
A450,72.0,550.0,A10450,-73.98043823242188,40.73028564453125
A451,72.0,700.0,A10451,-73.98346710205078,40.75705337524414
A452,72.0,1360.0,A10452,-73.96553802490233,40.75904846191406
A453,72.0,520.0,A10453,-73.98295593261719,40.744720458984375
A454,72.0,1450.0,A10454,-73.97711181640625,40.74305725097656
A455,73.0,1000.0,A10455,-73.98008728027342,40.78977966308594
A456,73.0,8200.0,A10456,-73.96144104003906,40.77190017700195
A457,73.0,820.0,A10457,-73.99034118652342,40.735111236572266
A458,73.0,1830.0,A10458,-73.98570251464844,40.76288986206056
A459,73.0,1970.0,A10459,-73.98391723632812,40.76039123535156
A460,73.0,300.0,A10460,-73.98321533203125,40.730762481689446
A461,73.0,1400.0,A10461,-73.98529815673827,40.72785568237305
A462,74.0,3420.0,A10462,-73.98043823242188,40.75164031982422
A463,74.0,1000.0,A10463,-73.9817657470703,40.73678207397461
A464,74.0,3100.0,A10464,-73.95279693603516,40.77227020263672
A465,74.0,900.0,A10465,-73.9620361328125,40.77337265014648
A466,74.0,2000.0,A10466,-73.9570083618164,40.77741241455078
A467,74.0,2400.0,A10467,-73.98120880126953,40.76900100708008
A468,75.0,500.0,A10468,-73.98470306396483,40.77910614013672
A469,75.0,1310.0,A10469,-73.95391082763672,40.778751373291016
A470,75.0,1900.0,A10470,-73.9787826538086,40.76404571533203
A471,75.0,1100.0,A10471,-73.99376678466798,40.73606872558594
A472,75.0,900.0,A10472,-73.98236846923827,40.7671127319336
A473,75.0,6400.0,A10473,-73.98201751708984,40.77554321289063
A474,75.0,1500.0,A10474,-74.00550842285155,40.74113082885742
A475,75.0,2900.0,A10475,-73.97734832763672,40.76456451416016
A476,75.0,1350.0,A10476,-73.9713592529297,40.76598358154297
A477,76.0,1300.0,A10477,-73.98805236816406,40.73208999633789
A478,76.0,600.0,A10478,-73.97743225097656,40.757827758789055
A479,76.0,2100.0,A10479,-74.00709533691406,40.71046829223633
A480,76.0,1200.0,A10480,-74.0111312866211,40.71103286743164
A481,76.0,600.0,A10481,-73.9798583984375,40.77109146118164
A482,76.0,1600.0,A10482,-73.96910095214845,40.79035949707031
A483,77.0,1600.0,A10483,-73.9547348022461,40.76970672607422
A484,77.0,1890.0,A10484,-73.99803924560547,40.727638244628906
A485,77.0,1300.0,A10485,-73.95307159423827,40.77855682373047
A486,77.0,1200.0,A10486,-73.99127197265625,40.74232864379882
A487,78.0,2100.0,A10487,-73.9768295288086,40.75270462036133
A488,78.0,3900.0,A10488,-73.969482421875,40.673336029052734
A489,78.0,1150.0,A10489,-73.99213409423827,40.717586517333984
A490,78.0,2700.0,A10490,-73.98033905029298,40.763050079345696
A491,78.0,1100.0,A10491,-73.99462890625,40.72296524047852
A492,78.0,5660.0,A10492,-73.98768615722656,40.74396133422852
A493,78.0,650.0,A10493,-74.0031967163086,40.72038269042969
A494,78.0,900.0,A10494,-73.98311614990233,40.74983215332031
A495,79.0,4400.0,A10495,-73.99314880371094,40.74233627319336
A496,79.0,2029.9999999999998,A10496,-73.96239471435547,40.76717758178711
A497,79.0,1700.0,A10497,-73.972900390625,40.7578010559082
A498,80.0,800.0,A10498,-73.97024536132812,40.759864807128906
A499,80.0,1360.0,A10499,-73.98216247558594,40.77193069458008
A500,80.0,2180.0,A10500,-73.96717834472656,40.801055908203125
A501,81.0,3450.0,A10501,-73.83356475830078,40.86789321899414
A502,81.0,2580.0,A10502,-73.94557189941406,40.78366088867188
A503,81.0,930.0,A10503,-73.9882583618164,40.753242492675774
A504,81.0,1070.0,A10504,-74.00810241699219,40.70683288574219
A505,81.0,900.0,A10505,-73.98741149902342,40.754093170166016
A506,81.0,600.0,A10506,-74.00199127197266,40.72432708740234
A507,81.0,1200.0,A10507,-73.95240020751953,40.78369140625
A508,81.0,1300.0,A10508,-73.9909896850586,40.75526428222656
A509,82.0,3600.0,A10509,-74.00723266601561,40.715576171875
A510,82.0,920.0,A10510,-73.99031066894531,40.73142623901367
A511,82.0,2100.0,A10511,-73.99285125732422,40.756385803222656
A512,82.0,1850.0,A10512,-73.95651245117188,40.77528762817384
A513,82.0,2750.0,A10513,-74.00057220458984,40.74243927001953
A514,82.0,2830.0,A10514,-73.96646118164062,40.7535285949707
A515,82.0,1500.0,A10515,-73.98014831542967,40.74275970458984
A516,83.0,2300.0,A10516,-73.99612426757811,40.724098205566406
A517,83.0,490.0,A10517,-73.98908233642578,40.73653030395508
A518,83.0,370.0,A10518,-73.98194885253906,40.76163101196289
A519,83.0,2000.0,A10519,-74.00528717041014,40.74120330810546
A520,84.0,1200.0,A10520,-73.97476959228516,40.75165939331056
A521,84.0,500.0,A10521,-73.98455810546875,40.74512100219727
A522,84.0,1500.0,A10522,-73.9762191772461,40.7516975402832
A523,84.0,7810.0,A10523,-73.86322021484375,40.769718170166016
A524,84.0,560.0,A10524,-74.00508880615233,40.72890090942384
A525,84.0,1350.0,A10525,-73.9553451538086,40.763530731201165
A526,84.0,740.0,A10526,-73.99661254882812,40.73823165893555
A527,84.0,1000.0,A10527,-73.9884033203125,40.7234001159668
A528,85.0,2300.0,A10528,-73.97373962402342,40.75641632080078
A529,85.0,2350.0,A10529,-73.9592514038086,40.7169303894043
A530,85.0,1750.0,A10530,-73.99738311767578,40.74681854248047
A531,85.0,2200.0,A10531,-73.98001098632812,40.74274063110352
A532,85.0,1490.0,A10532,-74.00304412841797,40.744407653808594
A533,85.0,900.0,A10533,-73.9822540283203,40.75706481933594
A534,85.0,500.0,A10534,-73.96672058105469,40.76462173461913
A535,85.0,2400.0,A10535,-73.9788360595703,40.752716064453125
A536,85.0,1210.0,A10536,-73.99156951904298,40.744155883789055
A537,85.0,700.0,A10537,-73.98200225830078,40.77276992797852
A538,86.0,4300.0,A10538,-73.98186492919923,40.77059173583984
A539,86.0,1180.0,A10539,-73.94884490966798,40.77414321899414
A540,86.0,1750.0,A10540,-73.99575805664062,40.74208068847656
A541,86.0,800.0,A10541,-73.98868560791014,40.73395919799805
A542,86.0,16550.0,A10542,-73.98638916015625,40.74567413330078
A543,86.0,2800.0,A10543,-73.99637603759764,40.725391387939446
A544,86.0,1200.0,A10544,-73.97845458984375,40.76194763183594
A545,86.0,1710.0,A10545,-73.97029876708984,40.76521682739258
A546,87.0,1900.0,A10546,-73.98567962646483,40.75180816650391
A547,87.0,1120.0,A10547,-73.99873352050781,40.71979141235352
A548,87.0,690.0,A10548,-73.96925354003906,40.763496398925774
A549,87.0,2100.0,A10549,-73.96604919433594,40.79475021362305
A550,87.0,6120.0,A10550,-73.98535919189453,40.727500915527344
A551,87.0,1370.0,A10551,-73.97402954101561,40.757808685302734
A552,87.0,7600.0,A10552,-73.99429321289062,40.7027702331543
A553,88.0,1400.0,A10553,-74.00609588623048,40.734893798828125
A554,88.0,1170.0,A10554,-73.99671936035155,40.747554779052734
A555,88.0,2680.0,A10555,-73.99931335449217,40.73394012451172
A556,88.0,570.0,A10556,-73.98295593261719,40.73909759521485
A557,88.0,18250.0,A10557,-74.00337982177734,40.725433349609375
A558,89.0,620.0,A10558,-73.99156188964845,40.7445182800293
A559,89.0,1750.0,A10559,-73.9764404296875,40.76306915283203
A560,89.0,4970.0,A10560,-74.00005340576173,40.74297332763672
A561,89.0,6870.0,A10561,-73.96222686767578,40.779327392578125
A562,89.0,1700.0,A10562,-73.98535919189453,40.76298141479492
A563,89.0,3120.0,A10563,-73.98194122314453,40.7689208984375
A564,89.0,1500.0,A10564,-73.98554992675781,40.744117736816406
A565,89.0,1700.0,A10565,-73.99723052978516,40.74234771728516
A566,89.0,1800.0,A10566,-73.9910659790039,40.74917984008789
A567,89.0,2050.0,A10567,-73.9559326171875,40.78307723999024
A568,89.0,2940.0,A10568,-73.97758483886719,40.760990142822266
A569,90.0,5970.0,A10569,-73.9719467163086,40.75532150268555
A570,90.0,1800.0,A10570,-74.00275421142578,40.728553771972656
A571,90.0,1700.0,A10571,-73.98113250732422,40.78097915649414
A572,90.0,1600.0,A10572,-74.00637054443358,40.71896362304688
A573,90.0,900.0,A10573,-73.97239685058595,40.756980895996094
A574,90.0,1700.0,A10574,-73.97430419921875,40.79381942749024
A575,90.0,3100.0,A10575,-73.93326568603516,40.75222396850586
A576,90.0,810.0,A10576,-74.00917053222656,40.7157096862793
A577,90.0,2880.0,A10577,-73.95909118652342,40.78334045410156
A578,90.0,1200.0,A10578,-73.98828125,40.72322845458984
A579,90.0,420.0,A10579,-73.97365570068358,40.76340866088867
A580,90.0,12300.0,A10580,-73.78997802734375,40.64705276489258
A581,90.0,7400.0,A10581,-73.86385345458984,40.769962310791016
A582,91.0,3300.0,A10582,-73.99079895019531,40.7506103515625
A583,91.0,4200.0,A10583,-74.01347351074217,40.702396392822266
A584,91.0,1800.0,A10584,-73.9960708618164,40.73016357421875
A585,91.0,860.0,A10585,-74.00312042236328,40.74924850463867
A586,91.0,1300.0,A10586,-73.97723388671875,40.75827407836913
A587,91.0,700.0,A10587,-73.97937774658203,40.78473281860352
A588,91.0,3240.0,A10588,-73.9991683959961,40.74563980102539
A589,91.0,1000.0,A10589,-73.97566223144531,40.73323440551758
A590,92.0,3900.0,A10590,-73.98508453369139,40.73214721679688
A591,92.0,500.0,A10591,-74.0060806274414,40.734622955322266
A592,92.0,2110.0,A10592,-73.9788589477539,40.75276947021485
A593,92.0,3700.0,A10593,-73.9855728149414,40.752735137939446
A594,93.0,1000.0,A10594,-73.94770812988281,40.804702758789055
A595,93.0,2100.0,A10595,-73.99518585205078,40.74972915649414
A596,93.0,2200.0,A10596,-73.9410629272461,40.78847885131836
A597,94.0,700.0,A10597,-73.96675872802734,40.770069122314446
A598,94.0,3760.0,A10598,-73.94595336914062,40.78083038330078
A599,94.0,2650.0,A10599,-73.96750640869139,40.78802108764648
A600,94.0,600.0,A10600,-73.96392059326173,40.765228271484375
A601,94.0,2870.0,A10601,-74.00796508789062,40.74034118652344
A602,95.0,2400.0,A10602,-74.00543212890625,40.73711395263672
A603,95.0,1360.0,A10603,-74.01262664794923,40.716899871826165
A604,95.0,1500.0,A10604,-73.96793365478516,40.76226043701172
A605,95.0,3810.0,A10605,-73.99335479736328,40.7293701171875
A606,95.0,500.0,A10606,-73.98751831054686,40.74902725219727
A607,95.0,1500.0,A10607,-73.97624206542967,40.788249969482415
A608,95.0,870.0,A10608,-73.98149871826173,40.768421173095696
A609,95.0,6250.0,A10609,-73.95433807373048,40.76417922973633
A610,95.0,760.0,A10610,-73.98049163818358,40.78539657592773
A611,95.0,1280.0,A10611,-73.96537780761719,40.77176284790039
A612,95.0,1400.0,A10612,-73.96153259277344,40.76415252685546
A613,95.0,1030.0,A10613,-73.9806900024414,40.762725830078125
A614,95.0,800.0,A10614,-73.97766876220702,40.78637313842773
A615,96.0,2600.0,A10615,-73.95986938476561,40.7733268737793
A616,96.0,1300.0,A10616,-73.99015045166014,40.731815338134766
A617,96.0,900.0,A10617,-73.97226715087889,40.745235443115234
A618,96.0,1260.0,A10618,-73.97593688964845,40.75974655151367
A619,96.0,2980.0,A10619,-73.97226715087889,40.7636604309082
A620,96.0,6000.0,A10620,-73.98179626464844,40.73671340942384
A621,96.0,2100.0,A10621,-73.99971008300781,40.74344253540039
A622,97.0,1070.0,A10622,-73.98146057128906,40.7788314819336
A623,97.0,1400.0,A10623,-73.9825439453125,40.767925262451165
A624,97.0,1730.0,A10624,-73.98197174072266,40.76147079467773
A625,97.0,1450.0,A10625,-73.9671173095703,40.77237319946289
A626,98.0,1130.0,A10626,-74.00591278076173,40.73623275756836
A627,98.0,3800.0,A10627,-73.97770690917967,40.786746978759766
A628,98.0,2000.0,A10628,-73.98107147216798,40.76781463623047
A629,98.0,800.0,A10629,-73.97863006591797,40.7833366394043
A630,98.0,3200.0,A10630,-74.00314331054686,40.72841262817384
A631,98.0,2100.0,A10631,-73.97181701660156,40.757022857666016
A632,98.0,1000.0,A10632,-73.99076843261719,40.75061798095703
A633,98.0,700.0,A10633,-73.98879241943358,40.72989273071289
A634,99.0,2600.0,A10634,-73.95426177978516,40.7742576599121
A635,99.0,1500.0,A10635,-73.9211196899414,40.7564582824707
A636,99.0,1490.0,A10636,-74.01608276367188,40.714786529541016
A637,99.0,1900.0,A10637,-73.99622344970702,40.722034454345696
A638,99.0,2029.9999999999998,A10638,-73.99016571044923,40.68966293334961
A639,99.0,2800.0,A10639,-74.00604248046875,40.725540161132805
A640,99.0,1300.0,A10640,-73.98438262939453,40.75534439086913
A641,100.0,0.0,A10641,-73.9600067138672,40.762222290039055
A642,100.0,1640.0,A10642,-73.96582794189453,40.77128219604492
A643,100.0,700.0,A10643,-73.98136138916014,40.7735595703125
A644,100.0,2300.0,A10644,-73.95079803466798,40.78585052490234
A645,100.0,9720.0,A10645,-73.94246673583984,40.775352478027344
A646,100.0,910.0,A10646,-73.98751831054686,40.72444534301758
A647,101.0,2590.0,A10647,-73.99126434326173,40.74966049194336
A648,101.0,3180.0,A10648,-73.99514007568358,40.7253303527832
A649,101.0,1500.0,A10649,-73.98517608642578,40.74704360961913
A650,101.0,13950.0,A10650,-73.86328887939453,40.7700424194336
A651,102.0,1320.0,A10651,-73.97962188720702,40.76541519165039
A652,102.0,750.0,A10652,-73.98033905029298,40.74260330200195
A653,102.0,4230.0,A10653,-73.98531341552734,40.73823165893555
A654,102.0,2400.0,A10654,-73.9852523803711,40.75749588012695
A655,102.0,2400.0,A10655,-73.96952056884764,40.75997924804688
A656,103.0,800.0,A10656,-73.97167205810547,40.76128387451172
A657,103.0,5030.0,A10657,-74.00934600830078,40.70613479614258
A658,103.0,2700.0,A10658,-73.96353149414062,40.77440643310546
A659,103.0,600.0,A10659,-74.01124572753906,40.71554565429688
A660,103.0,1900.0,A10660,-73.99078369140625,40.75039291381836
A661,104.0,2880.0,A10661,-73.94461059570312,40.77944946289063
A662,104.0,17480.0,A10662,-73.78948211669923,40.64105987548828
A663,104.0,2300.0,A10663,-73.97749328613281,40.75841522216797
A664,105.0,1850.0,A10664,-73.98619842529298,40.740997314453125
A665,105.0,1800.0,A10665,-73.97315216064453,40.784915924072266
A666,105.0,4900.0,A10666,-73.96255493164062,40.778621673583984
A667,105.0,1900.0,A10667,-74.00493621826173,40.72848510742188
A668,105.0,400.0,A10668,-73.98082733154298,40.74448013305664
A669,105.0,1000.0,A10669,-74.00650024414062,40.737823486328125
A670,105.0,4600.0,A10670,-73.98646545410156,40.7554168701172
A671,105.0,930.0,A10671,-73.98515319824217,40.7476806640625
A672,106.0,910.0,A10672,-73.95630645751953,40.77842712402344
A673,106.0,3890.0,A10673,-73.99123382568358,40.74227142333984
A674,106.0,1400.0,A10674,-73.98241424560547,40.74803924560546
A675,106.0,1030.0,A10675,-73.95901489257811,40.7718620300293
A676,106.0,4000.0,A10676,-73.95957946777344,40.77698516845703
A677,106.0,17600.0,A10677,-73.78800964355469,40.641693115234375
A678,106.0,1160.0,A10678,-73.97746276855469,40.75735855102539
A679,107.0,530.0,A10679,-73.9769058227539,40.75624847412109
A680,107.0,2200.0,A10680,-73.99049377441406,40.75616836547852
A681,107.0,2000.0,A10681,-73.99114990234375,40.73899841308594
A682,107.0,11700.0,A10682,-73.86273956298828,40.768890380859375
A683,107.0,1700.0,A10683,-73.972412109375,40.76240158081056
A684,107.0,1100.0,A10684,-73.9459228515625,40.77301406860352
A685,107.0,400.0,A10685,-73.98603057861328,40.7309455871582
A686,107.0,1100.0,A10686,-73.9818115234375,40.76852416992188
A687,108.0,1250.0,A10687,-73.96498107910156,40.79140853881836
A688,108.0,1590.0,A10688,-73.97620391845702,40.751590728759766
A689,108.0,780.0,A10689,-73.97772216796875,40.752098083496094
A690,108.0,2430.0,A10690,-73.95953369140625,40.77187347412109
A691,108.0,2810.0,A10691,-73.9729232788086,40.78521728515625
A692,108.0,1200.0,A10692,-73.9813003540039,40.730911254882805
A693,109.0,3460.0,A10693,-73.98786926269531,40.75020599365234
A694,109.0,1610.0,A10694,-73.98185729980467,40.74483871459961
A695,109.0,1500.0,A10695,-73.98794555664062,40.748977661132805
A696,109.0,840.0,A10696,-73.98638916015625,40.76187133789063
A697,109.0,2140.0,A10697,-73.96234893798828,40.779029846191406
A698,109.0,10210.0,A10698,-73.87539672851561,40.7738037109375
A699,110.0,740.0,A10699,-73.98233795166014,40.75040817260742
A700,110.0,6010.0,A10700,-73.9735336303711,40.75054168701172
A701,110.0,1370.0,A10701,-73.94036865234375,40.793453216552734
A702,110.0,1800.0,A10702,-73.9579849243164,40.71792221069336
A703,110.0,2760.0,A10703,-73.96791076660156,40.76265335083008
A704,110.0,1020.0,A10704,-74.0042266845703,40.74258804321289
A705,110.0,3110.0,A10705,-73.96721649169923,40.803760528564446
A706,111.0,1400.0,A10706,-73.98033905029298,40.760860443115234
A707,111.0,3220.0,A10707,-73.99278259277344,40.76847076416016
A708,111.0,2600.0,A10708,-73.96620178222656,40.7646369934082
A709,112.0,1500.0,A10709,-73.99465942382812,40.750633239746094
A710,112.0,2420.0,A10710,-74.00630187988281,40.739742279052734
A711,113.0,1000.0,A10711,-73.9918670654297,40.738311767578125
A712,113.0,1800.0,A10712,-73.98857879638672,40.76248550415039
A713,113.0,1360.0,A10713,-73.96871185302734,40.76734924316406
A714,113.0,1530.0,A10714,-73.9854736328125,40.73857116699219
A715,113.0,3140.0,A10715,-73.97190856933594,40.76224899291992
A716,113.0,700.0,A10716,-73.9762191772461,40.788211822509766
A717,114.0,900.0,A10717,-73.9945297241211,40.69007873535156
A718,114.0,5230.0,A10718,-73.99205780029298,40.74847412109375
A719,114.0,500.0,A10719,-73.99665832519531,40.73728561401367
A720,115.00000000000001,1500.0,A10720,-73.95679473876953,40.77760314941406
A721,115.00000000000001,6690.0,A10721,-73.97472381591797,40.75779342651367
A722,115.00000000000001,2500.0,A10722,-73.9563751220703,40.775638580322266
A723,115.00000000000001,2280.0,A10723,-73.96218872070312,40.75883102416992
A724,115.00000000000001,2400.0,A10724,-73.97183990478516,40.7578239440918
A725,115.00000000000001,2400.0,A10725,-73.98381042480467,40.74650192260742
A726,115.00000000000001,2370.0,A10726,-73.98457336425781,40.76763153076172
A727,116.00000000000001,270.0,A10727,-74.00669860839844,40.7099609375
A728,116.00000000000001,1110.0,A10728,-73.98976135253906,40.735233306884766
A729,116.00000000000001,2660.0,A10729,-74.00299835205078,40.733428955078125
A730,116.00000000000001,600.0,A10730,-73.99817657470702,40.745708465576165
A731,116.00000000000001,2200.0,A10731,-73.97929382324217,40.782032012939446
A732,116.00000000000001,11350.0,A10732,-73.97830200195312,40.76470947265625
A733,116.00000000000001,2100.0,A10733,-73.97831726074217,40.77798080444336
A734,116.00000000000001,2100.0,A10734,-73.9950942993164,40.740039825439446
A735,116.00000000000001,1610.0,A10735,-73.97233581542967,40.75899505615234
A736,117.00000000000001,1000.0,A10736,-73.99529266357422,40.74497985839844
A737,117.00000000000001,3420.0,A10737,-73.99797821044923,40.76025772094727
A738,117.00000000000001,1440.0,A10738,-73.98204040527344,40.75167083740234
A739,118.00000000000001,2470.0,A10739,-73.96949768066406,40.75988006591797
A740,118.00000000000001,810.0,A10740,-73.9689712524414,40.76702880859375
A741,118.00000000000001,900.0,A10741,-73.98104095458984,40.75301742553711
A742,119.00000000000001,700.0,A10742,-73.9881591796875,40.779296875
A743,119.00000000000001,4200.0,A10743,-74.01493835449219,40.71434020996094
A744,119.00000000000001,1060.0,A10744,-73.95635986328125,40.78142166137695
A745,119.00000000000001,3010.0,A10745,-73.97882080078125,40.785449981689446
A746,119.00000000000001,1200.0,A10746,-73.99845123291014,40.72458267211913
A747,119.00000000000001,1100.0,A10747,-73.97930145263672,40.77659606933594
A748,119.00000000000001,4050.0,A10748,-73.87630462646483,40.773052215576165
A749,119.00000000000001,1380.0,A10749,-74.00576782226561,40.74119567871094